{
  "analysis": "trailing_12_month",
  "window": "2025-03 to 2026-02",
  "start_bme": 0.1068,
  "end_bme": 1.8321,
  "bme_growth_x": 17.2,
  "decomposition_12m": {
    "method": "per-week rates, USD-consistent denominator",
    "fee_growth_pct": 30.0,
    "price_decline_pct": 34.2,
    "emission_reduction_pct": 35.7,
    "sum_check_pct": 100.0
  },
  "phases": [
    {
      "name": "Pre-halving baseline",
      "period": "Mar\u2013Jul 2025",
      "months": 5,
      "bme_mean": 0.1182284112648159,
      "bme_range": "0.010\u20130.376",
      "dc_mean": 651287.3835168211,
      "price_mean": 3.2769673862986592,
      "emission_mean": 1644445.420298926,
      "note": "Irregular: Jun spike ($2.16M DC) amid mostly low months"
    },
    {
      "name": "Halving transition",
      "period": "Aug\u2013Sep 2025",
      "months": 2,
      "bme_mean": 0.7279543557790332,
      "bme_range": "0.587\u20130.869",
      "dc_mean": 1185562.2340535824,
      "price_mean": 2.6221546134193456,
      "emission_mean": 695111.030349415,
      "note": "Emission halved (~1.5M\u2192~700K/mo); DC burns >$1M/mo"
    },
    {
      "name": "Post-halving maturity",
      "period": "Oct 2025 \u2013 Feb 2026",
      "months": 5,
      "bme_mean": 1.3866678363706302,
      "bme_range": "0.877\u20131.832",
      "dc_mean": 1500226.0248571294,
      "price_mean": 1.7305595383269334,
      "emission_mean": 639123.28767072,
      "note": "Sustained BME >1.0; price decline accelerates"
    }
  ],
  "counterfactuals_12m": {
    "fee_only_bme": 0.618,
    "price_only_bme": 0.695,
    "emission_only_bme": 0.592,
    "fee_alone_bme": 0.228
  },
  "monthly_detail": [
    {
      "month": "2025-03",
      "bme": 0.10677321868972219,
      "bme_prev": 0.09910134279369398,
      "bme_chg_pct": 7.7414449489340065,
      "dc_burn_pw": 114194.35484722166,
      "hnt_price": 3.074505864573419,
      "hnt_issued_pw": 375304.366822252,
      "n_weeks": 5,
      "dln_bme": 0.07456414261796876,
      "dln_bme_usd": 0.0635916224864999,
      "dln_dc": -0.07611379151478527,
      "dln_price": -0.13727674491368874,
      "dln_emission": -0.0024286690875964245,
      "fee_contrib_pct": -119.69153882013902,
      "price_contrib_pct": 215.87237366499298,
      "emission_contrib_pct": 3.81916515514605
    },
    {
      "month": "2025-04",
      "bme": 0.009766029968629804,
      "bme_prev": 0.10677321868972219,
      "bme_chg_pct": -90.8534835902911,
      "dc_burn_pw": 13054.871797027823,
      "hnt_price": 3.632941855588782,
      "hnt_issued_pw": 374353.90750756,
      "n_weeks": 4,
      "dln_bme": -2.39179709944341,
      "dln_bme_usd": -2.333103321762879,
      "dln_dc": -2.1687404819563016,
      "dln_price": 0.16689855469565135,
      "dln_emission": -0.0025357148890740653,
      "fee_contrib_pct": 92.95518384147746,
      "price_contrib_pct": 7.153500367465243,
      "emission_contrib_pct": -0.1086842089427096
    },
    {
      "month": "2025-05",
      "bme": 0.024528017421017408,
      "bme_prev": 0.009766029968629804,
      "bme_chg_pct": 151.15648323633746,
      "dc_burn_pw": 34462.182540536014,
      "hnt_price": 3.8853010564811665,
      "hnt_issued_pw": 375098.669391595,
      "n_weeks": 4,
      "dln_bme": 0.9209059980748113,
      "dln_bme_usd": 0.901555975445671,
      "dln_dc": 0.9707011826882685,
      "dln_price": 0.06715772423927616,
      "dln_emission": 0.0019874830033214243,
      "fee_contrib_pct": 107.66954122936367,
      "price_contrib_pct": -7.449090912638864,
      "emission_contrib_pct": -0.22045031672480914
    },
    {
      "month": "2025-06",
      "bme": 0.37637010705289997,
      "bme_prev": 0.024528017421017408,
      "bme_chg_pct": 1434.4497706137406,
      "dc_burn_pw": 431213.4950339458,
      "hnt_price": 2.5517968764925762,
      "hnt_issued_pw": 376701.852821846,
      "n_weeks": 5,
      "dln_bme": 2.7307569541464036,
      "dln_bme_usd": 2.9428785318556785,
      "dln_dc": 2.5267407509948403,
      "dln_price": -0.4204027043690905,
      "dln_emission": 0.004264923508251935,
      "fee_contrib_pct": 85.85949857065845,
      "price_contrib_pct": 14.285424961253801,
      "emission_contrib_pct": -0.14492353191222676
    },
    {
      "month": "2025-07",
      "bme": 0.07370468319181006,
      "bme_prev": 0.37637010705289997,
      "bme_chg_pct": -80.41696675409702,
      "dc_burn_pw": 84832.36270700331,
      "hnt_price": 3.2402912783573523,
      "hnt_issued_pw": 366096.42391938,
      "n_weeks": 4,
      "dln_bme": -1.630506645362805,
      "dln_bme_usd": -1.8362343866923698,
      "dln_dc": -1.6259262098767049,
      "dln_price": 0.2388654580270742,
      "dln_emission": -0.028557281211409245,
      "fee_contrib_pct": 88.54676841149373,
      "price_contrib_pct": 13.008440521438297,
      "emission_contrib_pct": -1.555208932932021
    },
    {
      "month": "2025-08",
      "bme": 0.8685862659301178,
      "bme_prev": 0.07370468319181006,
      "bme_chg_pct": 1078.4682171005297,
      "dc_burn_pw": 312571.6164214331,
      "hnt_price": 2.750530628670045,
      "hnt_issued_pw": 153377.43298308252,
      "n_weeks": 4,
      "dln_bme": 2.466800567081303,
      "dln_bme_usd": 2.3380208734854637,
      "dln_dc": 1.3041565097797534,
      "dln_price": -0.16386937754608288,
      "dln_emission": -0.8699949861596277,
      "fee_contrib_pct": 55.78036212463532,
      "price_contrib_pct": 7.008892837718358,
      "emission_contrib_pct": 37.21074503764633
    },
    {
      "month": "2025-09",
      "bme": 0.5873224456279487,
      "bme_prev": 0.8685862659301178,
      "bme_chg_pct": -32.38179457062682,
      "dc_burn_pw": 224167.60048428652,
      "hnt_price": 2.4937785981686464,
      "hnt_issued_pw": 155342.4657533,
      "n_weeks": 5,
      "dln_bme": -0.3912929281114917,
      "dln_bme_usd": -0.24717521778024168,
      "dln_dc": -0.3324396269406579,
      "dln_price": -0.09799477941732267,
      "dln_emission": 0.012730370256906447,
      "fee_contrib_pct": 134.49553313885335,
      "price_contrib_pct": -39.645875625139645,
      "emission_contrib_pct": 5.150342486286289
    },
    {
      "month": "2025-10",
      "bme": 1.5695773027091138,
      "bme_prev": 0.5873224456279487,
      "bme_chg_pct": 167.24286027089698,
      "dc_burn_pw": 576005.989829833,
      "hnt_price": 2.2052497603761267,
      "hnt_issued_pw": 155342.4657533,
      "n_weeks": 4,
      "dln_bme": 0.9829876480163127,
      "dln_bme_usd": 1.0666823681550688,
      "dln_dc": 0.9437240711235816,
      "dln_price": -0.12295829703148729,
      "dln_emission": 0.0,
      "fee_contrib_pct": 88.47282933492605,
      "price_contrib_pct": 11.527170665073958,
      "emission_contrib_pct": -0.0
    },
    {
      "month": "2025-11",
      "bme": 0.8773277763345584,
      "bme_prev": 1.5695773027091138,
      "bme_chg_pct": -44.10420086858559,
      "dc_burn_pw": 306218.7715757835,
      "hnt_price": 2.2374585600697503,
      "hnt_issued_pw": 155342.4657533,
      "n_weeks": 4,
      "dln_bme": -0.5816809583572798,
      "dln_bme_usd": -0.6463181512171834,
      "dln_dc": -0.6318182733571316,
      "dln_price": 0.014499877860051774,
      "dln_emission": 0.0,
      "fee_contrib_pct": 97.75654175381818,
      "price_contrib_pct": 2.2434582461818184,
      "emission_contrib_pct": 0.0
    },
    {
      "month": "2025-12",
      "bme": 1.5516595761869028,
      "bme_prev": 0.8773277763345584,
      "bme_chg_pct": 76.86201418011369,
      "dc_burn_pw": 410254.1234250633,
      "hnt_price": 1.7208359516343588,
      "hnt_issued_pw": 155342.4657533,
      "n_weeks": 5,
      "dln_bme": 0.5701996616512114,
      "dln_bme_usd": 0.5550074538379114,
      "dln_dc": 0.292476994630511,
      "dln_price": -0.26253045920740037,
      "dln_emission": 0.0,
      "fee_contrib_pct": 52.6978498411173,
      "price_contrib_pct": 47.30215015888269,
      "emission_contrib_pct": -0.0
    },
    {
      "month": "2026-01",
      "bme": 1.1026982459070658,
      "bme_prev": 1.5516595761869028,